﻿pos_x,pos_y,rotation,side,designator,mpn,pack,value,mount_type,place
11.176,-3.048,90.0,top,C1,,C_0603_1608Metric,22pF,smt,True
-7.62,1.778,90.0,top,C10,,C_0603_1608Metric,0.1uF,smt,True
-16.51,2.794,-90.0,top,C11,,C_0603_1608Metric,10uF,smt,True
16.764,-3.556,-90.0,top,C2,,C_0603_1608Metric,22pF,smt,True
5.08,-2.54,180.0,top,C3,,C_0603_1608Metric,0.1uF,smt,True
5.08,-0.762,0.0,top,C4,,C_0603_1608Metric,0.1uF,smt,True
-3.81,-10.414,0.0,top,C6,,C_0603_1608Metric,8200pF,smt,True
-2.54,0.508,90.0,top,C7,,C_0603_1608Metric,4700pF,smt,True
-5.08,-0.508,180.0,top,C8,,C_0603_1608Metric,100pF,smt,True
-12.446,-11.176,135.0,top,C9,,C_1206_3216Metric,10uF,smt,True
-0.508,-12.192,180.0,top,D1,,DIONC1005X43N,PESD0402-140,smt,True
6.858,-14.478,30.0,top,D2,,DIONC1005X43N,PESD0402-140,smt,True
-12.954,-2.794,180.0,top,D3,,SODFL3617X108N,SS24FL,smt,True
1.27,-6.35,90.0,top,D4,,LED_0603_1608Metric,2V-20mA,smt,True
-0.508,-6.35,90.0,top,D5,,LED_0603_1608Metric,2V - 20mA,smt,True
11.938,2.794,90.0,top,IC1,,SOP65P640X120-20N,MCP2515-e_ST,smt,True
-7.112,-5.588,90.0,top,J1,,SOIC127P600X175-8N,TPS54232DR,smt,True
-11.425,9.144,90.0,top,J2,,PinHeader_1x10_P2.54mm_Vertical,ESP32,tht,False
-7.366,-11.684,0.0,top,J3,,PinHeader_1x01_P2.54mm_Vertical,12V,tht,False
-1.016,-14.986,0.0,top,J4,,PinHeader_1x01_P2.54mm_Vertical,C_H,tht,False
3.048,-14.986,0.0,top,J5,,PinHeader_1x01_P2.54mm_Vertical,C_L,tht,False
-13.462,-6.35,90.0,top,J6,,PinHeader_1x01_P2.54mm_Vertical,GND,tht,False
-11.938,2.286,90.0,top,L2,,INDC6060X450N,SRN6045TA-150M,smt,True
1.27,-3.048,90.0,top,R1,,R_0603_1608Metric,1k,smt,True
-5.08,3.048,0.0,top,R10,,R_0603_1608Metric,1k91,smt,True
6.35,2.794,180.0,top,R11,,R_0603_1608Metric,10k2,smt,True
6.35,4.572,180.0,top,R2,,R_0603_1608Metric,10k2,smt,True
-0.508,-3.048,-90.0,top,R3,,R_0603_1608Metric,1k,smt,True
-5.08,1.27,0.0,top,R4,,R_0603_1608Metric,12k7,smt,True
6.35,1.016,0.0,top,R7,,R_0603_1608Metric,10k2,smt,True
8.89,-7.112,90.0,top,R8,,R_0603_1608Metric,47k,smt,True
-2.54,3.81,90.0,top,R9,,R_0603_1608Metric,10k2,smt,True
5.08,-7.366,-90.0,top,U1,,SOIC-8_3.9x4.9mm_P1.27mm,SN65HVD230,smt,True
13.97,-3.556,-90.0,top,Y1,,Crystal_SMD_3225-4Pin_3.2x2.5mm,16MHz,smt,True
