﻿designator,quantity,value,pack,mpn,mount_type
"C1, C2",2,0.1uF 50V,C_0603_1608Metric,,smt
"C10, C3, C4",3,0.1uF,C_0603_1608Metric,,smt
C11,1,10uF,C_0603_1608Metric,,smt
C5,1,1uF,C_0603_1608Metric,,smt
C6,1,8200pF,C_0603_1608Metric,,smt
C7,1,4700pF,C_0603_1608Metric,,smt
C8,1,100pF,C_0603_1608Metric,,smt
C9,1,10uF,C_1206_3216Metric,,smt
"D1, D2",2,PESD0402-140,DIONC1005X43N,,smt
D3,1,SS24FL,SODFL3617X108N,,smt
D4,1,2V-20mA,LED_0603_1608Metric,,smt
D5,1,2V - 20mA,LED_0603_1608Metric,,smt
D6,1,18V,D_SOD-123,,smt
FB1,1,120R@100MHz,L_0805_2012Metric,,smt
J1,1,TPS54232DR,SOIC127P600X175-8N,,smt
J2,1,ESP32,PinHeader_1x10_P2.54mm_Vertical,,tht
J3,1,12V,PinHeader_1x01_P2.54mm_Vertical,,tht
J4,1,C_H,PinHeader_1x01_P2.54mm_Vertical,,tht
J5,1,C_L,PinHeader_1x01_P2.54mm_Vertical,,tht
J6,1,GND,PinHeader_1x01_P2.54mm_Vertical,,tht
"JP1, JP2, JP3",3,SolderJumper_2_Open,SolderJumper-2_P1.3mm_Open_RoundedPad1.0x1.5mm,,tht
L2,1,SRN6045TA-150M,INDC6060X450N,,smt
"R1, R3",2,1k,R_0603_1608Metric,,smt
R10,1,1k91,R_0603_1608Metric,,smt
"R2, R9",2,10k2,R_0603_1608Metric,,smt
R4,1,12k7,R_0603_1608Metric,,smt
R8,1,47k,R_0603_1608Metric,,smt
Ren1,1,66k5,R_0603_1608Metric,,smt
Ren2,1,7k5,R_0603_1608Metric,,smt
U1,1,SN65HVD230,SOIC-8_3.9x4.9mm_P1.27mm,,smt
