﻿designator,quantity,value,pack,mpn,mount_type
"C1, C2",2,22pF,C_0603_1608Metric,,smt
"C10, C3, C4",3,0.1uF,C_0603_1608Metric,,smt
C11,1,10uF,C_0603_1608Metric,,smt
C6,1,8200pF,C_0603_1608Metric,,smt
C7,1,4700pF,C_0603_1608Metric,,smt
C8,1,100pF,C_0603_1608Metric,,smt
C9,1,10uF,C_1206_3216Metric,,smt
"D1, D2",2,PESD0402-140,DIONC1005X43N,,smt
D3,1,SS24FL,SODFL3617X108N,,smt
D4,1,2V-20mA,LED_0603_1608Metric,,smt
D5,1,2V - 20mA,LED_0603_1608Metric,,smt
IC1,1,MCP2515-e_ST,SOP65P640X120-20N,,smt
J1,1,TPS54232DR,SOIC127P600X175-8N,,smt
J2,1,ESP32,PinHeader_1x10_P2.54mm_Vertical,,tht
J3,1,12V,PinHeader_1x01_P2.54mm_Vertical,,tht
J4,1,C_H,PinHeader_1x01_P2.54mm_Vertical,,tht
J5,1,C_L,PinHeader_1x01_P2.54mm_Vertical,,tht
J6,1,GND,PinHeader_1x01_P2.54mm_Vertical,,tht
L2,1,SRN6045TA-150M,INDC6060X450N,,smt
"R1, R3",2,1k,R_0603_1608Metric,,smt
R10,1,1k91,R_0603_1608Metric,,smt
"R11, R2, R7, R9",4,10k2,R_0603_1608Metric,,smt
R4,1,12k7,R_0603_1608Metric,,smt
R8,1,47k,R_0603_1608Metric,,smt
U1,1,SN65HVD230,SOIC-8_3.9x4.9mm_P1.27mm,,smt
Y1,1,16MHz,Crystal_SMD_3225-4Pin_3.2x2.5mm,,smt
