﻿designator,quantity,value,pack,mpn,mount_type
"C1, C2",2,22pF,C_0603_1608Metric,,smt
"C10, C3, C4, C5",4,100n,C_0603_1608Metric,,smt
C11,1,10u,C_0603_1608Metric,,smt
C6,1,8n2,C_0603_1608Metric,,smt
C7,1,4n7,C_0603_1608Metric,,smt
C8,1,110p,C_0603_1608Metric,,smt
C9,1,10uF,C_1206_3216Metric,,smt
"D1, D2",2,PESD0402-140,DIONC1005X43N,,smt
D3,1,SS24FL,SODFL3617X108N,,smt
IC1,1,MCP2515-e_ST,SOP65P640X120-20N,,smt
IC2,1,TJA1044VT_3Z,SOIC127P600X175-8N,,smt
J1,1,TPS54232DR,SOIC127P600X175-8N,,smt
J2,1,ESP32,PinHeader_1x10_P2.54mm_Vertical,,tht
J3,1,12V,PinHeader_1x01_P2.54mm_Vertical,,tht
J4,1,C_H,PinHeader_1x01_P2.54mm_Vertical,,tht
J5,1,C_L,PinHeader_1x01_P2.54mm_Vertical,,tht
J6,1,GND,PinHeader_1x01_P2.54mm_Vertical,,tht
L2,1,SRN6045TA-150M,INDC6060X450N,,smt
"R1, R11, R2, R7, R9",5,10k2,R_0603_1608Metric,,smt
R10,1,1k91,R_0603_1608Metric,,smt
R4,1,12k7,R_0603_1608Metric,,smt
R8,1,0,R_0603_1608Metric,,smt
Y1,1,16MHz,Crystal_SMD_3225-4Pin_3.2x2.5mm,,smt
