﻿pos_x,pos_y,rotation,side,designator,mpn,pack,value,mount_type,place
-2.286,-13.97,-90.0,top,C1,,C_0603_1608Metric,0.1uF 50V,smt,True
-9.398,-2.794,-90.0,top,C10,,C_0603_1608Metric,0.1uF,smt,True
-15.748,2.54,-90.0,top,C11,,C_0603_1608Metric,10uF,smt,True
-5.334,-12.7,180.0,top,C2,,C_0603_1608Metric,0.1uF 50V,smt,True
8.382,-0.0,180.0,top,C3,,C_0603_1608Metric,0.1uF,smt,True
6.096,5.334,0.0,top,C4,,C_0603_1608Metric,0.1uF,smt,True
-8.636,-13.462,180.0,top,C5,,C_0603_1608Metric,1uF,smt,True
-1.778,-8.382,90.0,top,C6,,C_0603_1608Metric,8200pF,smt,True
-3.048,-0.254,90.0,top,C7,,C_0603_1608Metric,4700pF,smt,True
-5.575,-1.27,180.0,top,C8,,C_0603_1608Metric,100pF,smt,True
-9.398,-11.43,180.0,top,C9,,C_1206_3216Metric,10uF,smt,True
6.096,-11.43,-90.0,top,D1,,DIONC1005X43N,PESD0402-140,smt,True
2.794,-2.286,0.0,top,D2,,DIONC1005X43N,PESD0402-140,smt,True
-11.684,-3.556,-90.0,top,D3,,SODFL3617X108N,SS24FL,smt,True
9.398,3.556,180.0,top,D4,,LED_0603_1608Metric,2V-20mA,smt,True
9.398,1.778,180.0,top,D5,,LED_0603_1608Metric,2V - 20mA,smt,True
3.556,-12.318,90.0,top,D6,,D_SOD-123,18V,smt,True
-5.08,-14.732,180.0,top,FB1,,L_0805_2012Metric,120R@100MHz,smt,True
-5.588,-6.096,90.0,top,J1,,SOIC127P600X175-8N,TPS54232DR,smt,True
-11.425,9.144,90.0,top,J2,,PinHeader_1x10_P2.54mm_Vertical,ESP32,tht,False
0.508,-13.97,0.0,top,J3,,PinHeader_1x01_P2.54mm_Vertical,12V,tht,False
8.89,-10.668,0.0,top,J4,,PinHeader_1x01_P2.54mm_Vertical,C_H,tht,False
3.556,-4.826,0.0,top,J5,,PinHeader_1x01_P2.54mm_Vertical,C_L,tht,False
-10.668,-8.128,90.0,top,J6,,PinHeader_1x01_P2.54mm_Vertical,GND,tht,False
13.208,-7.366,180.0,top,JP1,,SolderJumper-2_P1.3mm_Open_RoundedPad1.0x1.5mm,SolderJumper_2_Open,tht,True
12.954,5.08,180.0,top,JP2,,SolderJumper-2_P1.3mm_Open_RoundedPad1.0x1.5mm,SolderJumper_2_Open,tht,True
12.954,2.286,180.0,top,JP3,,SolderJumper-2_P1.3mm_Open_RoundedPad1.0x1.5mm,SolderJumper_2_Open,tht,True
-11.176,2.794,90.0,top,L2,,INDC6060X450N,SRN6045TA-150M,smt,True
6.096,3.556,180.0,top,R1,,R_0603_1608Metric,1k,smt,True
-5.588,2.286,0.0,top,R10,,R_0603_1608Metric,1k91,smt,True
13.97,-4.318,-90.0,top,R2,,R_0603_1608Metric,10k2,smt,True
6.096,1.778,0.0,top,R3,,R_0603_1608Metric,1k,smt,True
-5.588,0.508,0.0,top,R4,,R_0603_1608Metric,12k7,smt,True
12.192,-4.318,90.0,top,R8,,R_0603_1608Metric,47k,smt,True
-3.048,3.048,90.0,top,R9,,R_0603_1608Metric,10k2,smt,True
-5.334,-10.922,180.0,top,Ren1,,R_0603_1608Metric,66k5,smt,True
-2.032,-10.922,180.0,top,Ren2,,R_0603_1608Metric,7k5,smt,True
8.382,-4.826,-90.0,top,U1,,SOIC-8_3.9x4.9mm_P1.27mm,SN65HVD230,smt,True
