﻿pos_x,pos_y,rotation,side,designator,mpn,pack,value,mount_type,place
11.176,-3.048,90.0,top,C1,,C_0603_1608Metric,22pF,smt,True
-7.62,1.778,90.0,top,C10,,C_0603_1608Metric,100n,smt,True
-16.51,2.794,-90.0,top,C11,,C_0603_1608Metric,10u,smt,True
16.764,-3.556,-90.0,top,C2,,C_0603_1608Metric,22pF,smt,True
0.0,-8.89,0.0,top,C3,,C_0603_1608Metric,100n,smt,True
0.0,-7.112,180.0,top,C4,,C_0603_1608Metric,100n,smt,True
4.572,-1.016,180.0,top,C5,,C_0603_1608Metric,100n,smt,True
-3.81,-10.414,0.0,top,C6,,C_0603_1608Metric,8n2,smt,True
-2.54,0.508,90.0,top,C7,,C_0603_1608Metric,4n7,smt,True
-5.08,-0.508,180.0,top,C8,,C_0603_1608Metric,110p,smt,True
-12.446,-11.176,135.0,top,C9,,C_1206_3216Metric,10uF,smt,True
-0.508,-12.192,180.0,top,D1,,DIONC1005X43N,PESD0402-140,smt,True
6.858,-14.478,30.0,top,D2,,DIONC1005X43N,PESD0402-140,smt,True
-12.954,-2.794,180.0,top,D3,,SODFL3617X108N,SS24FL,smt,True
11.938,2.794,90.0,top,IC1,,SOP65P640X120-20N,MCP2515-e_ST,smt,True
4.572,-5.842,-90.0,top,IC2,,SOIC127P600X175-8N,TJA1044VT_3Z,smt,True
-7.112,-5.588,90.0,top,J1,,SOIC127P600X175-8N,TPS54232DR,smt,True
-11.425,9.144,90.0,top,J2,,PinHeader_1x10_P2.54mm_Vertical,ESP32,tht,True
-7.366,-11.684,0.0,top,J3,,PinHeader_1x01_P2.54mm_Vertical,12V,tht,True
-1.016,-14.986,0.0,top,J4,,PinHeader_1x01_P2.54mm_Vertical,C_H,tht,True
3.048,-14.986,0.0,top,J5,,PinHeader_1x01_P2.54mm_Vertical,C_L,tht,True
-13.462,-6.35,90.0,top,J6,,PinHeader_1x01_P2.54mm_Vertical,GND,tht,True
-11.938,2.286,90.0,top,L2,,INDC6060X450N,SRN6045TA-150M,smt,True
3.302,-10.668,0.0,top,R1,,R_0603_1608Metric,10k2,smt,True
-5.08,3.048,0.0,top,R10,,R_0603_1608Metric,1k91,smt,True
6.35,2.794,180.0,top,R11,,R_0603_1608Metric,10k2,smt,True
6.35,4.572,180.0,top,R2,,R_0603_1608Metric,10k2,smt,True
-5.08,1.27,0.0,top,R4,,R_0603_1608Metric,12k7,smt,True
6.35,1.016,0.0,top,R7,,R_0603_1608Metric,10k2,smt,True
6.604,-10.668,0.0,top,R8,,R_0603_1608Metric,0,smt,True
-2.54,3.81,90.0,top,R9,,R_0603_1608Metric,10k2,smt,True
13.97,-3.556,-90.0,top,Y1,,Crystal_SMD_3225-4Pin_3.2x2.5mm,16MHz,smt,True
